{"cameraMode":{"drawMode":0,"name":"Shaded","section":"Shading Mode"},"sceneLighting":false,"audioPlay":false,"sceneViewState":{"m_AlwaysRefresh":false,"showFog":true,"showSkybox":false,"showFlares":true,"showImageEffects":true,"showParticleSystems":true,"showVisualEffectGraphs":true,"m_FxEnabled":true},"in2DMode":false,"pivot":{"x":-0.7182356119155884,"y":-0.685945987701416,"z":-1.3296043872833253},"rotation":{"x":0.007237148005515337,"y":-0.9595128297805786,"z":0.28048670291900637,"w":0.024756766855716707},"size":2.1825928688049318,"orthographic":false}