{"cameraMode":{"drawMode":0,"name":"Shaded","section":"Shading Mode"},"sceneLighting":false,"audioPlay":false,"sceneViewState":{"m_AlwaysRefresh":false,"showFog":true,"showSkybox":false,"showFlares":true,"showImageEffects":true,"showParticleSystems":true,"showVisualEffectGraphs":true,"m_FxEnabled":true},"in2DMode":false,"pivot":{"x":-0.5913276672363281,"y":0.1111154556274414,"z":2.8519997596740724},"rotation":{"x":0.10841157287359238,"y":-0.6535913944244385,"z":0.09537231922149658,"w":0.7429483532905579},"size":3.2435407638549806,"orthographic":false}