{"cameraMode":{"drawMode":0,"name":"Shaded","section":"Shading Mode"},"sceneLighting":false,"audioPlay":false,"sceneViewState":{"m_AlwaysRefresh":false,"showFog":true,"showSkybox":false,"showFlares":true,"showImageEffects":true,"showParticleSystems":true,"showVisualEffectGraphs":true,"m_FxEnabled":true},"in2DMode":false,"pivot":{"x":0.415027379989624,"y":-6.093759536743164,"z":-13.431490898132325},"rotation":{"x":0.016600975766777993,"y":-0.9706900715827942,"z":0.22922509908676148,"w":0.07029955089092255},"size":13.054856300354004,"orthographic":false}