{"cameraMode":{"drawMode":0,"name":"Shaded","section":"Shading Mode"},"sceneLighting":false,"audioPlay":false,"sceneViewState":{"m_AlwaysRefresh":false,"showFog":true,"showSkybox":false,"showFlares":true,"showImageEffects":true,"showParticleSystems":true,"showVisualEffectGraphs":true,"m_FxEnabled":true},"in2DMode":false,"pivot":{"x":-0.2728332281112671,"y":-0.0021000802516937258,"z":0.18175306916236878},"rotation":{"x":-0.036729034036397937,"y":0.8002814650535584,"z":-0.049279432743787768,"w":-0.5964668393135071},"size":1.7788853645324708,"orthographic":false}