{"cameraMode":{"drawMode":0,"name":"Shaded","section":"Shading Mode"},"sceneLighting":false,"audioPlay":false,"sceneViewState":{"m_AlwaysRefresh":false,"showFog":true,"showSkybox":false,"showFlares":true,"showImageEffects":true,"showParticleSystems":true,"showVisualEffectGraphs":true,"m_FxEnabled":true},"in2DMode":false,"pivot":{"x":2.236412763595581,"y":1.9137120246887208,"z":2.0769779682159426},"rotation":{"x":0.10420453548431397,"y":0.008949927985668183,"z":-0.0009378124959766865,"w":0.9945182204246521},"size":2.9402565956115724,"orthographic":false}